{
  "timestamp": "2025-12-05T05:26:47.377268",
  "config": {
    "num_runs": 5,
    "model": "gemini-2.0-flash",
    "temperature": 0.1
  },
  "ground_truth_summary": {
    "papers": 19,
    "total_genes": 103,
    "genes_in_text": 103,
    "genes_not_in_text": 0,
    "avg_gt_coverage": 1.0
  },
  "variance_analysis": {
    "validation_off": {
      "precision": {
        "mean": 0.1721,
        "std": 0.0107,
        "min": 0.1541,
        "max": 0.1825,
        "ci_95_low": 0.1628,
        "ci_95_high": 0.1815
      },
      "recall": {
        "mean": 0.9728,
        "std": 0.0144,
        "min": 0.9515,
        "max": 0.9903,
        "ci_95_low": 0.9602,
        "ci_95_high": 0.9854
      },
      "f1": {
        "mean": 0.2923,
        "std": 0.0151,
        "min": 0.2667,
        "max": 0.3063,
        "ci_95_low": 0.2791,
        "ci_95_high": 0.3056
      }
    },
    "validation_on": {
      "precision": {
        "mean": 0.2071,
        "std": 0.0135,
        "min": 0.185,
        "max": 0.2215,
        "ci_95_low": 0.1953,
        "ci_95_high": 0.219
      },
      "recall": {
        "mean": 0.9631,
        "std": 0.0144,
        "min": 0.9417,
        "max": 0.9806,
        "ci_95_low": 0.9505,
        "ci_95_high": 0.9757
      },
      "f1": {
        "mean": 0.3407,
        "std": 0.0178,
        "min": 0.3112,
        "max": 0.3586,
        "ci_95_low": 0.3251,
        "ci_95_high": 0.3563
      }
    },
    "adjusted": {
      "precision": {
        "mean": 0.2071,
        "std": 0.0135,
        "min": 0.185,
        "max": 0.2215,
        "ci_95_low": 0.1953,
        "ci_95_high": 0.219
      },
      "recall": {
        "mean": 0.9631,
        "std": 0.0144,
        "min": 0.9417,
        "max": 0.9806,
        "ci_95_low": 0.9505,
        "ci_95_high": 0.9757
      },
      "f1": {
        "mean": 0.3407,
        "std": 0.0178,
        "min": 0.3112,
        "max": 0.3586,
        "ci_95_low": 0.3251,
        "ci_95_high": 0.3563
      }
    }
  },
  "gt_adjusted_variance": {
    "precision": {
      "mean": 0.9783117832057335,
      "std": 0.0038705059279882715
    },
    "recall": {
      "mean": 0.9631067961165047,
      "std": 0.012880096273224848
    },
    "f1": {
      "mean": 0.9706060427608139,
      "std": 0.007090796399274241
    }
  },
  "gt_adjusted_per_run": [
    {
      "precision": 0.9705882352941176,
      "recall": 0.9611650485436893,
      "f1": 0.9658536585365853,
      "tp": 99,
      "fp_adjusted": 3,
      "fn": 4
    },
    {
      "precision": 0.9797979797979798,
      "recall": 0.941747572815534,
      "f1": 0.9603960396039605,
      "tp": 97,
      "fp_adjusted": 2,
      "fn": 6
    },
    {
      "precision": 0.9803921568627451,
      "recall": 0.970873786407767,
      "f1": 0.975609756097561,
      "tp": 100,
      "fp_adjusted": 2,
      "fn": 3
    },
    {
      "precision": 0.9805825242718447,
      "recall": 0.9805825242718447,
      "f1": 0.9805825242718447,
      "tp": 101,
      "fp_adjusted": 2,
      "fn": 2
    },
    {
      "precision": 0.9801980198019802,
      "recall": 0.9611650485436893,
      "f1": 0.9705882352941178,
      "tp": 99,
      "fp_adjusted": 2,
      "fn": 4
    }
  ],
  "validation_impact": {
    "precision_change": 0.035,
    "recall_change": -0.009700000000000042,
    "f1_change": 0.0484
  },
  "error_analysis": {
    "fp_categories": {
      "valid_hgnc": 2,
      "in_text_not_gt": 378,
      "hallucination": 0
    },
    "fn_categories": {
      "in_text": 4,
      "not_in_text": 0
    },
    "hallucinated_genes": [],
    "missed_genes_in_text": [
      "HLA-DP",
      "IGHV1-69",
      "CD4",
      "DSEA"
    ]
  },
  "paper_analysis": {
    "by_text_source": {
      "full_text": {
        "count": 19,
        "avg_f1": 0.3705087868698859,
        "avg_precision": 0.2794306541382276,
        "avg_recall": 0.9178362573099416
      },
      "abstract": {
        "count": 0,
        "avg_f1": 0,
        "avg_precision": 0,
        "avg_recall": 0
      }
    },
    "per_paper": {
      "21533171": {
        "gt_count": 1,
        "text_source": "full_text",
        "text_length": 24945,
        "gt_coverage": 1.0,
        "avg_tp": 1.0,
        "avg_fp": 2.0,
        "avg_fn": 0.0,
        "avg_precision": 0.3333333333333333,
        "avg_recall": 1.0,
        "avg_f1": 0.5,
        "std_f1": 0.0
      },
      "33705359": {
        "gt_count": 1,
        "text_source": "full_text",
        "text_length": 55021,
        "gt_coverage": 1.0,
        "avg_tp": 0.8,
        "avg_fp": 11.6,
        "avg_fn": 0.2,
        "avg_precision": 0.05333333333333333,
        "avg_recall": 0.8,
        "avg_f1": 0.1,
        "std_f1": 0.05000000000000001
      },
      "33891889": {
        "gt_count": 4,
        "text_source": "full_text",
        "text_length": 82554,
        "gt_coverage": 1.0,
        "avg_tp": 3.0,
        "avg_fp": 42.8,
        "avg_fn": 1.0,
        "avg_precision": 0.07589381207028265,
        "avg_recall": 0.75,
        "avg_f1": 0.13677273056731934,
        "std_f1": 0.038662377051397925
      },
      "34193364": {
        "gt_count": 15,
        "text_source": "full_text",
        "text_length": 41162,
        "gt_coverage": 1.0,
        "avg_tp": 15.0,
        "avg_fp": 17.6,
        "avg_fn": 0.0,
        "avg_precision": 0.46022727272727276,
        "avg_recall": 1.0,
        "avg_f1": 0.6303191489361702,
        "std_f1": 0.006514600379742511
      },
      "34224783": {
        "gt_count": 3,
        "text_source": "full_text",
        "text_length": 31305,
        "gt_coverage": 1.0,
        "avg_tp": 3.0,
        "avg_fp": 4.4,
        "avg_fn": 0.0,
        "avg_precision": 0.4095238095238095,
        "avg_recall": 1.0,
        "avg_f1": 0.58,
        "std_f1": 0.039999999999999994
      },
      "34299101": {
        "gt_count": 2,
        "text_source": "full_text",
        "text_length": 79980,
        "gt_coverage": 1.0,
        "avg_tp": 2.0,
        "avg_fp": 12.4,
        "avg_fn": 0.0,
        "avg_precision": 0.13999999999999999,
        "avg_recall": 1.0,
        "avg_f1": 0.24537815126050422,
        "std_f1": 0.02016806722689075
      },
      "34414385": {
        "gt_count": 2,
        "text_source": "full_text",
        "text_length": 88038,
        "gt_coverage": 1.0,
        "avg_tp": 1.6,
        "avg_fp": 30.4,
        "avg_fn": 0.4,
        "avg_precision": 0.04103299856527977,
        "avg_recall": 0.8,
        "avg_f1": 0.07803617571059432,
        "std_f1": 0.03964198224447567
      },
      "34437303": {
        "gt_count": 1,
        "text_source": "full_text",
        "text_length": 68009,
        "gt_coverage": 1.0,
        "avg_tp": 0.6,
        "avg_fp": 77.0,
        "avg_fn": 0.4,
        "avg_precision": 0.007692307692307693,
        "avg_recall": 0.6,
        "avg_f1": 0.01518987341772152,
        "std_f1": 0.012402479710294572
      },
      "34534994": {
        "gt_count": 22,
        "text_source": "full_text",
        "text_length": 35590,
        "gt_coverage": 1.0,
        "avg_tp": 22.0,
        "avg_fp": 6.0,
        "avg_fn": 0.0,
        "avg_precision": 0.7857142857142857,
        "avg_recall": 1.0,
        "avg_f1": 0.8800000000000001,
        "std_f1": 1.1102230246251565e-16
      },
      "35177862": {
        "gt_count": 2,
        "text_source": "full_text",
        "text_length": 108642,
        "gt_coverage": 1.0,
        "avg_tp": 1.2,
        "avg_fp": 40.2,
        "avg_fn": 0.8,
        "avg_precision": 0.028384615384615387,
        "avg_recall": 0.6,
        "avg_f1": 0.054176717591351745,
        "std_f1": 0.011382071744975944
      },
      "35336791": {
        "gt_count": 1,
        "text_source": "full_text",
        "text_length": 36330,
        "gt_coverage": 1.0,
        "avg_tp": 1.0,
        "avg_fp": 12.6,
        "avg_fn": 0.0,
        "avg_precision": 0.07362637362637363,
        "avg_recall": 1.0,
        "avg_f1": 0.13714285714285715,